input,output
594+730,1324
550+665,1215
282+939,1221
969+900,1869
495+496,991
480+306,786
897+654,1551
650+804,1454
897+242,1139
346+480,826
97+966,1063
31+396,427
905+171,1076
536+958,1494
474+340,814
245+141,386
104+856,960
444+737,1181
462+516,978
771+836,1607
117+366,483
79+370,449
471+251,722
43+405,448
466+270,736
267+774,1041
909+95,1004
774+709,1483
743+854,1597
720+261,981
433+28,461
995+759,1754
378+451,829
409+974,1383
310+226,536
137+576,713
324+858,1182
806+484,1290
153+43,196
877+727,1604
277+633,910
846+195,1041
807+185,992
913+873,1786
790+878,1668
279+565,844
382+909,1291
621+506,1127
31+154,185
407+58,465
400+917,1317
974+921,1895
273+169,442
518+282,800
271+120,391
135+330,465
365+177,542
181+774,955
598+581,1179
661+939,1600
432+189,621
682+866,1548
510+303,813
66+221,287
518+856,1374
423+968,1391
841+788,1629
516+856,1372
691+429,1120
457+763,1220
759+640,1399
135+500,635
225+222,447
250+967,1217
449+3,452
456+555,1011
324+467,791
243+51,294
707+253,960
23+367,390
425+696,1121
503+91,594
360+355,715
640+178,818
734+500,1234
785+47,832
188+784,972
870+81,951
122+86,208
443+543,986
527+47,574
170+917,1087
765+441,1206
668+319,987
959+192,1151
216+871,1087
324+397,721
256+313,569
940+338,1278
554+462,1016
603+867,1470
398+304,702
857+372,1229
343+1000,1343
519+961,1480
607+965,1572
351+645,996
334+341,675
321+364,685
948+733,1681
812+444,1256
486+971,1457
23+704,727
672+520,1192
616+130,746
30+60,90
387+323,710
41+641,682
811+847,1658
701+803,1504
235+840,1075
75+415,490
641+345,986
242+428,670
658+612,1270
578+693,1271
952+576,1528
628+768,1396
32+845,877
912+150,1062
269+241,510
31+936,967
931+237,1168
898+684,1582
308+64,372
258+764,1022
98+838,936
759+850,1609
593+55,648
437+320,757
166+859,1025
234+183,417
969+810,1779
791+333,1124
464+645,1109
925+478,1403
603+713,1316
629+621,1250
966+450,1416
629+731,1360
647+960,1607
715+859,1574
170+144,314
414+44,458
239+414,653
54+36,90
375+614,989
368+143,511
374+750,1124
461+321,782
288+167,455
751+123,874
401+555,956
242+2,244
22+289,311
975+426,1401
272+247,519
20+412,432
267+259,526
451+334,785
735+21,756
480+819,1299
850+847,1697
385+165,550
461+381,842
412+110,522
77+920,997
153+996,1149
971+224,1195
17+41,58
810+2,812
604+631,1235
635+727,1362
702+893,1595
291+346,637
651+261,912
974+57,1031
695+342,1037
997+686,1683
798+430,1228
47+266,313
987+732,1719
88+217,305
224+761,985
707+472,1179
962+928,1890
735+16,751
673+899,1572
988+891,1879
785+211,996
395+19,414
978+780,1758
812+21,833
669+308,977
964+516,1480
3+746,749
369+387,756
263+831,1094
21+684,705
229+969,1198
695+321,1016
233+1,234
999+993,1992
27+32,59
331+572,903
806+904,1710
667+868,1535
284+941,1225
799+730,1529
193+998,1191
595+315,910
985+592,1577
899+404,1303
424+833,1257
753+58,811
785+419,1204
836+40,876
811+674,1485
65+719,784
18+707,725
844+953,1797
430+352,782
481+941,1422
600+460,1060
837+634,1471
482+493,975
89+644,733
375+786,1161
173+183,356
473+302,775
921+288,1209
785+35,820
433+254,687
186+970,1156
767+23,790
724+532,1256
576+277,853
18+627,645
632+58,690
616+602,1218
736+23,759
82+336,418
595+290,885
926+978,1904
586+261,847
826+382,1208
132+445,577
139+690,829
680+150,830
153+901,1054
759+608,1367
164+775,939
311+878,1189
983+63,1046
107+765,872
721+282,1003
93+405,498
963+844,1807
534+551,1085
992+547,1539
323+994,1317
811+89,900
340+589,929
143+498,641
19+705,724
446+233,679
702+72,774
543+340,883
414+185,599
670+358,1028
30+355,385
242+456,698
522+683,1205
955+754,1709
108+815,923
108+150,258
414+818,1232
342+320,662
459+283,742
573+137,710
188+439,627
963+526,1489
197+29,226
506+558,1064
900+648,1548
16+378,394
625+222,847
210+6,216
565+191,756
216+466,682
1+685,686
414+155,569
135+648,783
976+708,1684
811+248,1059
816+921,1737
67+289,356
850+271,1121
797+144,941
762+174,936
450+710,1160
100+505,605
405+144,549
225+52,277
251+982,1233
777+117,894
363+373,736
717+660,1377
248+212,460
849+953,1802
380+989,1369
494+668,1162
972+945,1917
194+255,449
534+175,709
880+147,1027
952+249,1201
304+70,374
762+198,960
946+592,1538
195+804,999
769+634,1403
88+214,302
240+859,1099
642+664,1306
772+903,1675
242+269,511
427+897,1324
434+0,434
627+51,678
362+833,1195
111+328,439
377+168,545
297+51,348
523+318,841
602+579,1181
440+890,1330
983+220,1203
520+934,1454
760+248,1008
514+422,936
574+477,1051
443+805,1248
500+712,1212
471+340,811
137+435,572
827+229,1056
610+254,864
839+668,1507
415+34,449
454+727,1181
928+225,1153
300+581,881
204+130,334
701+584,1285
468+968,1436
412+511,923
102+184,286
714+769,1483
712+492,1204
929+425,1354
700+520,1220
473+527,1000
234+426,660
540+403,943
865+218,1083
378+861,1239
566+75,641
723+633,1356
484+912,1396
798+79,877
939+220,1159
802+819,1621
442+873,1315
831+203,1034
144+156,300
511+178,689
971+209,1180
381+831,1212
939+447,1386
759+785,1544
429+340,769
238+0,238
712+398,1110
761+294,1055
925+333,1258
605+300,905
372+707,1079
5+873,878
658+389,1047
27+878,905
869+278,1147
217+928,1145
156+16,172
758+347,1105
692+431,1123
356+265,621
605+591,1196
417+5,422
697+330,1027
141+695,836
35+884,919
737+599,1336
515+298,813
504+586,1090
457+182,639
803+357,1160
53+75,128
722+245,967
834+916,1750
309+403,712
536+55,591
19+764,783
123+295,418
666+809,1475
862+265,1127
679+791,1470
94+242,336
982+327,1309
113+29,142
159+581,740
888+776,1664
455+953,1408
994+501,1495
353+19,372
54+731,785
436+757,1193
4+833,837
679+927,1606
983+914,1897
253+844,1097
730+133,863
157+507,664
253+722,975
725+882,1607
941+678,1619
406+205,611
815+808,1623
594+567,1161
258+435,693
48+915,963
172+266,438
63+500,563
304+412,716
367+270,637
607+368,975
420+233,653
495+126,621
809+257,1066
828+303,1131
548+14,562
92+518,610
851+139,990
703+656,1359
549+302,851
920+787,1707
815+259,1074
912+925,1837
753+617,1370
383+372,755
853+993,1846
921+970,1891
291+261,552
874+427,1301
382+44,426
602+385,987
439+831,1270
8+233,241
213+983,1196
408+188,596
468+220,688
928+376,1304
450+695,1145
160+677,837
812+31,843
453+978,1431
936+150,1086
369+495,864
47+563,610
211+364,575
348+90,438
783+457,1240
674+401,1075
522+326,848
430+213,643
265+310,575
386+981,1367
72+229,301
945+673,1618
497+333,830
765+739,1504
886+422,1308
673+626,1299
139+597,736
590+783,1373
685+788,1473
842+546,1388
466+681,1147
862+65,927
382+459,841
835+88,923
939+672,1611
740+19,759
47+22,69
501+945,1446
74+87,161
112+171,283
790+351,1141
679+735,1414
680+757,1437
867+840,1707
524+366,890
492+470,962
950+456,1406
3+172,175
240+31,271
734+463,1197
128+976,1104
48+715,763
410+55,465
32+322,354
361+866,1227
53+543,596
992+318,1310
998+797,1795
216+468,684
742+980,1722
31+291,322
230+142,372
607+15,622
741+513,1254
281+62,343
335+873,1208
603+796,1399
599+274,873
210+293,503
395+607,1002
976+942,1918
438+844,1282
189+254,443
381+441,822
988+55,1043
880+72,952
630+0,630
150+999,1149
61+924,985
255+389,644
103+849,952
94+784,878
297+700,997
863+328,1191
783+633,1416
964+658,1622
919+816,1735
975+925,1900
844+116,960
818+3,821
210+400,610
657+636,1293
711+787,1498
608+891,1499
540+244,784
46+790,836
689+259,948
849+365,1214
403+824,1227
368+530,898
519+447,966
991+150,1141
712+634,1346
174+720,894
50+802,852
975+441,1416
771+597,1368
791+680,1471
789+215,1004
537+290,827
172+314,486
914+643,1557
312+281,593
289+733,1022
105+591,696
696+951,1647
159+474,633
480+249,729
100+742,842
79+265,344
326+130,456
12+532,544
580+972,1552
649+316,965
813+496,1309
987+248,1235
540+561,1101
994+333,1327
740+267,1007
345+39,384
806+753,1559
178+884,1062
875+462,1337
6+499,505
899+676,1575
618+583,1201
188+596,784
683+464,1147
826+718,1544
698+470,1168
948+478,1426
941+64,1005
760+890,1650
55+481,536
8+445,453
1+222,223
633+934,1567
942+960,1902
445+100,545
220+779,999
181+473,654
755+482,1237
391+94,485
830+145,975
603+414,1017
323+842,1165
98+254,352
61+781,842
297+702,999
35+656,691
322+81,403
355+787,1142
371+215,586
745+112,857
33+868,901
46+640,686
26+52,78
200+712,912
300+984,1284
613+703,1316
867+277,1144
420+533,953
833+300,1133
932+426,1358
651+467,1118
514+710,1224
187+776,963
549+243,792
32+398,430
343+334,677
523+8,531
648+5,653
472+530,1002
172+982,1154
290+898,1188
455+606,1061
746+772,1518
740+901,1641
169+446,615
151+496,647
907+289,1196
435+564,999
873+613,1486
26+49,75
896+723,1619
733+128,861
14+654,668
683+781,1464
446+26,472
879+686,1565
976+119,1095
419+930,1349
133+77,210
387+467,854
730+237,967
470+608,1078
802+980,1782
264+248,512
626+522,1148
457+191,648
383+719,1102
677+814,1491
224+560,784
708+425,1133
806+53,859
336+311,647
633+605,1238
398+238,636
97+437,534
425+435,860
357+360,717
149+685,834
68+243,311
853+765,1618
493+376,869
155+980,1135
368+956,1324
596+186,782
43+449,492
869+539,1408
771+302,1073
467+268,735
799+135,934
10+39,49
213+866,1079
944+363,1307
547+907,1454
597+657,1254
616+187,803
971+686,1657
802+262,1064
591+325,916
352+29,381
474+333,807
649+212,861
172+808,980
941+638,1579
104+670,774
547+219,766
146+962,1108
916+280,1196
759+153,912
17+990,1007
77+35,112
341+1,342
502+154,656
467+430,897
180+588,768
781+853,1634
649+512,1161
516+775,1291
733+54,787
65+662,727
55+899,954
824+543,1367
239+449,688
944+134,1078
620+218,838
784+358,1142
189+343,532
128+137,265
95+929,1024
908+953,1861
552+482,1034
524+439,963
483+182,665
973+412,1385
587+625,1212
968+548,1516
740+456,1196
975+493,1468
541+351,892
749+964,1713
336+978,1314
978+823,1801
650+688,1338
500+998,1498
991+399,1390
762+549,1311
265+56,321
273+969,1242
567+796,1363
436+789,1225
655+547,1202
988+204,1192
621+191,812
325+997,1322
163+55,218
744+710,1454
906+537,1443
706+937,1643
130+312,442
3+677,680
545+655,1200
552+708,1260
557+195,752
820+293,1113
987+846,1833
969+582,1551
249+756,1005
87+603,690
428+632,1060
361+40,401
276+502,778
759+863,1622
657+563,1220
704+568,1272
754+722,1476
230+750,980
151+32,183
529+225,754
625+260,885
672+858,1530
803+403,1206
903+125,1028
832+612,1444
349+641,990
429+36,465
31+204,235
504+540,1044
938+228,1166
801+594,1395
808+48,856
934+28,962
480+238,718
682+565,1247
849+368,1217
75+103,178
991+394,1385
715+607,1322
177+369,546
815+285,1100
313+837,1150
527+707,1234
132+882,1014
927+486,1413
467+428,895
305+219,524
369+290,659
792+871,1663
375+567,942
519+58,577
353+56,409
884+486,1370
690+862,1552
964+686,1650
252+481,733
161+732,893
827+322,1149
599+975,1574
11+197,208
872+767,1639
42+134,176
953+160,1113
409+394,803
635+578,1213
481+932,1413
171+556,727
663+916,1579
192+409,601
40+704,744
293+933,1226
804+712,1516
85+236,321
940+425,1365
385+484,869
243+589,832
567+629,1196
189+606,795
59+247,306
710+726,1436
365+825,1190
412+608,1020
875+103,978
838+141,979
849+172,1021
310+604,914
19+138,157
236+561,797
143+95,238
969+675,1644
229+167,396
126+788,914
55+118,173
448+381,829
730+919,1649
465+664,1129
545+185,730
176+784,960
866+179,1045
537+17,554
796+281,1077
878+468,1346
974+142,1116
982+474,1456
723+863,1586
678+258,936
999+83,1082
129+733,862
438+581,1019
520+998,1518
788+12,800
736+905,1641
987+196,1183
815+172,987
855+131,986
154+632,786
71+262,333
975+82,1057
536+577,1113
258+430,688
12+175,187
635+853,1488
464+263,727
24+65,89
532+549,1081
68+570,638
956+591,1547
58+735,793
143+463,606
652+766,1418
675+311,986
221+16,237
90+337,427
103+321,424
911+467,1378
540+993,1533
437+619,1056
298+37,335
720+56,776
553+983,1536
78+678,756
523+408,931
213+686,899
949+513,1462
582+937,1519
964+190,1154
501+344,845
774+901,1675
224+623,847
56+74,130
934+501,1435
48+181,229
377+676,1053
267+735,1002
588+945,1533
762+550,1312
310+398,708
52+861,913
667+215,882
148+126,274
730+249,979
429+227,656
204+336,540
532+124,656
313+492,805
387+32,419
443+220,663
77+943,1020
398+331,729
557+246,803
972+435,1407
604+492,1096
665+403,1068
11+665,676
786+165,951
644+155,799
130+933,1063
564+134,698
922+952,1874
678+851,1529
268+830,1098
938+220,1158
147+251,398
661+56,717
501+282,783
377+378,755
890+465,1355
633+652,1285
366+955,1321
675+726,1401
361+135,496
700+729,1429
860+163,1023
971+124,1095
580+76,656
27+60,87
644+885,1529
947+359,1306
963+549,1512
935+100,1035
110+914,1024
817+437,1254
661+946,1607
726+897,1623
273+475,748
988+35,1023
201+581,782
17+258,275
72+740,812
476+739,1215
220+484,704
166+852,1018
141+465,606
75+859,934
854+837,1691
335+496,831
408+879,1287
536+102,638
729+706,1435
798+355,1153
720+955,1675
838+246,1084
292+337,629
916+735,1651
455+672,1127
738+615,1353
991+868,1859
295+88,383
74+907,981
641+818,1459
395+762,1157
349+358,707
30+120,150
256+319,575
562+17,579
823+996,1819
634+467,1101
197+673,870
227+477,704
288+843,1131
880+290,1170
810+605,1415
493+837,1330
307+769,1076
825+945,1770
520+634,1154
153+478,631
505+115,620
381+540,921
65+0,65
558+559,1117
18+868,886
655+634,1289
177+699,876
457+77,534
384+521,905
586+235,821
365+737,1102
492+621,1113
17+258,275
50+869,919
37+419,456
378+152,530
155+6,161
350+439,789
446+999,1445
595+440,1035
856+529,1385
205+879,1084
179+971,1150
101+764,865
42+17,59
151+150,301
77+127,204
412+764,1176
939+320,1259
170+159,329
682+393,1075
125+303,428
638+208,846
165+740,905
109+560,669
804+284,1088
603+118,721
446+557,1003
842+315,1157
515+38,553
452+160,612
595+886,1481
740+423,1163
505+762,1267
860+257,1117
122+604,726
945+212,1157
822+351,1173
793+123,916
575+641,1216
365+976,1341
672+159,831
254+755,1009
575+302,877
498+794,1292
93+595,688
90+888,978
274+241,515
720+639,1359
768+396,1164
94+794,888
574+609,1183
490+907,1397
645+930,1575
400+628,1028
633+297,930
280+10,290
719+831,1550
118+309,427
781+624,1405
963+128,1091
668+79,747
402+65,467
657+953,1610
975+68,1043
105+235,340
888+625,1513
107+298,405
771+493,1264
230+331,561
664+505,1169
619+626,1245
623+879,1502
579+881,1460
145+463,608
174+693,867
92+201,293
327+692,1019
363+66,429
268+304,572
784+402,1186
768+267,1035
191+968,1159
671+165,836
531+138,669
571+367,938
181+200,381
502+212,714
827+627,1454
521+392,913
526+592,1118
439+555,994
821+523,1344
852+682,1534
250+461,711
612+193,805
622+29,651
600+949,1549
869+432,1301
740+984,1724
522+746,1268
943+831,1774
224+526,750
319+748,1067
683+770,1453
223+301,524
217+445,662
262+740,1002
399+184,583
633+273,906
912+888,1800
112+629,741
98+150,248
937+934,1871
178+225,403
361+918,1279
697+26,723
348+334,682
223+847,1070
527+392,919
661+146,807
99+959,1058
181+832,1013
935+644,1579
798+802,1600
945+317,1262
737+234,971
145+741,886
138+408,546
391+376,767
900+892,1792
433+500,933
755+75,830
728+9,737
520+641,1161
181+848,1029
281+408,689
911+582,1493
819+135,954
715+359,1074
893+984,1877
304+494,798
892+112,1004
62+79,141
338+312,650
920+182,1102
969+400,1369
78+568,646
338+172,510
641+776,1417
868+813,1681
867+649,1516
348+758,1106
437+293,730
370+894,1264
643+652,1295
575+588,1163
42+402,444
777+184,961
635+838,1473
197+521,718
577+68,645
335+950,1285
210+889,1099
233+472,705
444+973,1417
242+388,630
966+507,1473
33+360,393
597+745,1342
859+738,1597
419+756,1175
986+524,1510
467+296,763
179+696,875
755+294,1049
867+332,1199
795+368,1163
210+678,888
44+504,548
779+26,805
247+412,659
977+269,1246
714+269,983
408+593,1001
114+592,706
913+768,1681
6+425,431
896+224,1120
302+558,860
444+347,791
150+710,860
57+583,640
105+21,126
879+847,1726
9+98,107
448+515,963
638+419,1057
134+352,486
155+990,1145
785+443,1228
852+665,1517
305+591,896
641+548,1189
545+763,1308
78+543,621
668+325,993
279+113,392
105+283,388
336+637,973
947+810,1757
147+711,858
134+7,141
919+541,1460
604+852,1456
758+850,1608
414+627,1041
33+403,436
43+281,324
590+105,695
106+110,216
839+147,986
20+812,832
861+681,1542
723+215,938
68+803,871
730+695,1425
562+814,1376
546+971,1517
458+504,962
360+456,816
336+94,430
148+112,260
973+282,1255
752+440,1192
389+865,1254
703+7,710
155+173,328
757+17,774
437+153,590
474+149,623
407+118,525
614+168,782
274+359,633
892+476,1368
925+73,998
973+867,1840
270+607,877
3+46,49
15+926,941
675+850,1525
277+285,562
513+625,1138
303+365,668
198+567,765
337+105,442
726+773,1499
268+664,932
624+990,1614
427+54,481
923+710,1633
236+240,476
375+883,1258
408+90,498
633+197,830
863+721,1584
607+551,1158
716+218,934
494+669,1163
792+470,1262
342+934,1276
124+600,724
122+419,541
274+786,1060
77+691,768
823+655,1478
515+120,635
577+421,998
516+957,1473
628+47,675
661+91,752
774+604,1378
746+139,885
542+151,693
322+787,1109
647+206,853
352+849,1201
228+335,563
104+253,357
263+531,794
254+813,1067
916+982,1898
465+496,961
892+277,1169
532+880,1412
832+351,1183
220+179,399
817+905,1722
118+212,330
4+661,665
175+850,1025
154+733,887
934+804,1738
578+787,1365
662+741,1403
917+748,1665
947+0,947
522+155,677
237+612,849
806+926,1732
365+286,651
196+801,997
263+0,263
722+911,1633
684+493,1177
635+805,1440
797+696,1493
667+343,1010
797+888,1685
223+878,1101
673+214,887
383+192,575
882+222,1104
624+956,1580
524+238,762
430+181,611
243+806,1049
282+530,812
484+880,1364
321+378,699
339+787,1126
12+81,93
256+516,772
471+722,1193
304+302,606
480+735,1215
401+386,787
792+550,1342
953+451,1404
586+556,1142
925+665,1590
297+431,728
72+935,1007
217+140,357
413+474,887
362+854,1216
152+732,884
711+965,1676
47+17,64
21+44,65
820+519,1339
586+945,1531
142+74,216
150+43,193
770+30,800
370+329,699
543+94,637
638+855,1493
316+501,817
710+592,1302
895+606,1501
339+917,1256
481+77,558
550+253,803
985+861,1846
439+789,1228
143+578,721
109+745,854
682+128,810
337+760,1097
568+355,923
231+397,628
976+954,1930
219+129,348
430+167,597
510+51,561
883+528,1411
628+526,1154
953+561,1514
230+582,812
123+755,878
482+135,617
847+23,870
439+660,1099
217+542,759
234+128,362
51+112,163
665+939,1604
834+964,1798
276+661,937
452+634,1086
60+302,362
153+845,998
926+39,965
597+149,746
728+609,1337
412+895,1307
870+627,1497
624+366,990
668+788,1456
164+834,998
407+995,1402
489+243,732
309+344,653
801+675,1476
530+779,1309
560+416,976
638+936,1574
557+553,1110
643+336,979
332+680,1012
45+712,757
325+621,946
743+140,883
671+567,1238
528+348,876
64+831,895
559+941,1500
411+524,935
311+972,1283
157+238,395
797+162,959
595+342,937
212+804,1016
896+322,1218
335+80,415
245+209,454
11+744,755
740+512,1252
80+617,697
918+16,934
901+633,1534
651+248,899
858+840,1698
328+337,665
382+38,420
308+555,863
130+989,1119
222+959,1181
848+254,1102
113+818,931
40+11,51
814+785,1599
691+857,1548
789+900,1689
980+934,1914
954+426,1380
811+906,1717
478+618,1096
953+360,1313
133+551,684
40+262,302
236+353,589
634+564,1198
644+554,1198
995+329,1324
845+76,921
445+50,495
168+593,761
932+621,1553
228+962,1190
518+89,607
857+627,1484
557+44,601
44+63,107
787+350,1137
419+966,1385
955+637,1592
450+696,1146
665+393,1058
238+606,844
568+410,978
47+967,1014
540+484,1024
98+166,264
583+574,1157
488+902,1390
32+439,471
263+979,1242
985+80,1065
308+698,1006
359+350,709
524+293,817
102+535,637
502+262,764
145+615,760
919+684,1603
413+142,555
789+587,1376
98+96,194
66+137,203
926+68,994
707+683,1390
767+824,1591
103+245,348
381+469,850
118+25,143
800+418,1218
190+890,1080
868+390,1258
844+472,1316
429+556,985
553+820,1373
277+557,834
288+859,1147
642+89,731
579+183,762
259+462,721
475+222,697
680+455,1135
793+393,1186
509+439,948
751+5,756
195+577,772
161+747,908
654+932,1586
990+427,1417
108+10,118
767+845,1612
869+81,950
254+483,737
407+547,954
785+811,1596
784+19,803
528+373,901
184+742,926
540+682,1222
807+745,1552
200+723,923
806+559,1365
887+482,1369
359+766,1125
396+226,622
669+724,1393
392+467,859
243+746,989
671+594,1265
508+774,1282
762+430,1192
300+889,1189
771+685,1456
265+102,367
592+560,1152
333+23,356
735+598,1333
577+771,1348
25+495,520
62+965,1027
265+634,899
950+486,1436
452+836,1288
37+969,1006
463+929,1392
780+498,1278
326+911,1237
488+250,738
255+939,1194
486+520,1006
61+823,884
760+72,832
427+212,639
309+618,927
458+522,980
130+58,188
885+909,1794
497+566,1063
430+258,688
305+779,1084
674+51,725
385+397,782
634+60,694
566+114,680
729+285,1014
461+218,679
697+944,1641
80+801,881
746+442,1188
885+199,1084
720+539,1259
217+288,505
958+281,1239
492+961,1453
525+205,730
396+608,1004
477+650,1127
882+430,1312
729+670,1399
971+18,989
938+331,1269
621+33,654
29+414,443
198+562,760
837+779,1616
737+945,1682
725+458,1183
846+65,911
186+757,943
200+512,712
965+97,1062
647+165,812
875+865,1740
697+271,968
376+302,678
142+84,226
645+746,1391
691+979,1670
739+597,1336
560+780,1340
258+566,824
799+992,1791
649+554,1203
253+895,1148
360+428,788
681+341,1022
629+698,1327
360+116,476
367+216,583
64+777,841
821+905,1726
613+46,659
913+533,1446
897+809,1706
533+743,1276
48+325,373
49+692,741
806+377,1183
417+98,515
111+173,284
618+177,795
588+696,1284
251+821,1072
51+509,560
283+508,791
127+225,352
704+483,1187
300+785,1085
245+543,788
996+898,1894
916+887,1803
136+212,348
617+946,1563
45+837,882
632+563,1195
547+621,1168
848+196,1044
985+17,1002
181+402,583
863+158,1021
562+715,1277
105+391,496
134+744,878
385+665,1050
733+604,1337
475+571,1046
671+332,1003
929+59,988
214+344,558
170+123,293
777+889,1666
229+152,381
992+178,1170
987+415,1402
448+897,1345
126+974,1100
517+581,1098
906+274,1180
892+873,1765
684+429,1113
701+298,999
936+71,1007
890+313,1203
24+753,777
585+164,749
591+269,860
420+231,651
58+482,540
877+281,1158
344+161,505
607+500,1107
446+915,1361
337+125,462
829+661,1490
98+419,517
743+998,1741
817+949,1766
26+221,247
958+218,1176
614+947,1561
165+857,1022
991+777,1768
250+230,480
340+726,1066
852+997,1849
929+82,1011
992+347,1339
528+618,1146
637+261,898
40+634,674
948+322,1270
534+677,1211
350+639,989
683+136,819
43+962,1005
368+474,842
556+964,1520
73+578,651
536+111,647
330+821,1151
907+983,1890
767+988,1755
946+616,1562
304+368,672
792+584,1376
263+43,306
1000+573,1573
842+249,1091
998+919,1917
649+507,1156
77+506,583
719+391,1110
607+925,1532
667+821,1488
885+200,1085
908+964,1872
456+844,1300
834+962,1796
88+85,173
789+687,1476
597+82,679
743+442,1185
843+757,1600
581+291,872
631+695,1326
100+950,1050
435+64,499
967+376,1343
1+26,27
743+667,1410
871+432,1303
856+167,1023
572+763,1335
136+830,966
14+487,501
54+601,655
853+793,1646
203+967,1170
538+172,710
568+496,1064
587+114,701
408+120,528
65+420,485
616+37,653
759+261,1020
897+156,1053
466+899,1365
621+833,1454
588+731,1319
561+260,821
946+998,1944
4+830,834
914+491,1405
94+663,757
732+618,1350
882+214,1096
947+273,1220
569+852,1421
570+60,630
233+890,1123
864+542,1406
576+653,1229
440+555,995
494+436,930
635+11,646
37+537,574
109+930,1039
738+429,1167
660+226,886
361+339,700
131+420,551
936+432,1368
670+265,935
919+195,1114
340+863,1203
141+356,497
195+130,325
30+527,557
972+151,1123
739+777,1516
299+650,949
425+521,946
191+324,515
858+490,1348
730+463,1193
43+103,146
237+581,818
591+908,1499
126+160,286
833+224,1057
233+37,270
599+801,1400
684+429,1113
584+371,955
316+130,446
708+112,820
844+885,1729
720+955,1675
420+871,1291
3+197,200
919+431,1350
904+270,1174
133+120,253
621+149,770
381+485,866
737+267,1004
370+1,371
152+13,165
574+99,673
948+624,1572
937+723,1660
107+913,1020
541+306,847
541+566,1107
765+829,1594
868+263,1131
670+424,1094
846+730,1576
501+121,622
575+325,900
433+269,702
148+742,890
391+462,853
561+164,725
972+262,1234
693+179,872
569+852,1421
863+995,1858
83+193,276
177+180,357
893+572,1465
800+39,839
784+962,1746
286+836,1122
792+196,988
463+509,972
397+482,879
397+235,632
490+397,887
120+941,1061
503+827,1330
924+725,1649
684+829,1513
395+648,1043
426+459,885
60+598,658
442+732,1174
299+378,677
650+115,765
474+829,1303
147+767,914
534+182,716
898+755,1653
372+847,1219
260+727,987
169+64,233
23+839,862
51+203,254
323+393,716
328+10,338
368+313,681
285+337,622
18+931,949
290+467,757
569+160,729
33+261,294
905+187,1092
57+117,174
565+689,1254
722+293,1015
193+354,547
543+488,1031
770+345,1115
946+794,1740
46+254,300
337+353,690
339+358,697
457+572,1029
454+669,1123
770+914,1684
622+810,1432
710+64,774
209+535,744
935+402,1337
381+332,713
779+459,1238
502+734,1236
832+457,1289
386+380,766
695+170,865
160+85,245
84+666,750
68+97,165
543+772,1315
412+185,597
834+92,926
356+791,1147
891+693,1584
455+661,1116
469+30,499
706+871,1577
637+232,869
474+924,1398
192+356,548
322+23,345
436+289,725
651+553,1204
260+89,349
483+51,534
283+10,293
76+859,935
526+464,990
486+862,1348
752+777,1529
88+611,699
645+290,935
96+361,457
891+641,1532
398+742,1140
850+461,1311
606+903,1509
606+901,1507
738+906,1644
189+780,969
132+708,840
66+268,334
356+561,917
472+789,1261
765+124,889
321+467,788
240+853,1093
915+312,1227
514+304,818
543+61,604
818+216,1034
606+439,1045
330+955,1285
880+780,1660
928+654,1582
59+573,632
445+71,516
831+12,843
677+44,721
399+187,586
41+245,286
392+902,1294
832+317,1149
496+726,1222
198+508,706
927+879,1806
500+790,1290
84+541,625
907+317,1224
344+481,825
716+244,960
14+478,492
25+906,931
254+320,574
379+536,915
279+364,643
477+289,766
287+487,774
60+710,770
559+657,1216
575+44,619
557+910,1467
971+1,972
247+18,265
829+689,1518
684+915,1599
205+771,976
557+370,927
653+607,1260
160+725,885
359+385,744
465+902,1367
647+262,909
672+558,1230
918+874,1792
775+791,1566
189+175,364
62+920,982
932+618,1550
1+848,849
730+445,1175
498+821,1319
128+711,839
957+889,1846
501+368,869
871+838,1709
871+76,947
417+82,499
849+940,1789
851+800,1651
755+92,847
156+219,375
500+481,981
973+404,1377
664+170,834
114+965,1079
712+470,1182
599+736,1335
722+310,1032
554+135,689
910+332,1242
557+241,798
146+547,693
646+674,1320
277+732,1009
320+956,1276
836+975,1811
774+432,1206
628+517,1145
51+631,682
207+971,1178
375+461,836
622+183,805
408+962,1370
673+910,1583
110+714,824
676+670,1346
209+38,247
68+349,417
1000+965,1965
428+462,890
210+119,329
835+622,1457
250+316,566
585+986,1571
147+979,1126
828+994,1822
932+976,1908
672+729,1401
794+739,1533
18+476,494
569+824,1393
104+806,910
597+872,1469
755+464,1219
524+244,768
175+765,940
129+63,192
429+269,698
351+417,768
495+99,594
309+884,1193
458+577,1035
836+628,1464
309+952,1261
744+548,1292
22+916,938
548+298,846
128+136,264
414+283,697
224+425,649
491+789,1280
98+465,563
60+164,224
75+826,901
480+319,799
262+311,573
346+742,1088
948+470,1418
658+70,728
791+24,815
470+609,1079
682+858,1540
868+306,1174
875+540,1415
80+683,763
296+844,1140
808+206,1014
996+707,1703
730+730,1460
450+60,510
803+176,979
915+913,1828
330+644,974
759+471,1230
265+709,974
747+143,890
792+75,867
808+755,1563
174+233,407
498+464,962
734+542,1276
335+883,1218
381+736,1117
552+588,1140
239+815,1054
675+53,728
466+375,841
21+51,72
635+383,1018
18+375,393
624+94,718
744+759,1503
358+136,494
507+910,1417
894+588,1482
212+204,416
633+283,916
240+308,548
75+279,354
833+109,942
958+767,1725
288+2,290
865+373,1238
67+179,246
178+676,854
370+807,1177
916+542,1458
244+934,1178
165+484,649
568+509,1077
739+794,1533
722+941,1663
416+568,984
755+109,864
681+825,1506
944+431,1375
985+42,1027
885+109,994
437+770,1207
265+315,580
807+771,1578
73+916,989
994+263,1257
159+432,591
161+134,295
571+940,1511
794+266,1060
148+421,569
463+763,1226
725+906,1631
188+406,594
37+696,733
886+437,1323
224+631,855
74+15,89
180+184,364
672+479,1151
770+201,971
926+723,1649
378+77,455
394+254,648
524+879,1403
623+4,627
753+629,1382
186+814,1000
54+746,800
844+256,1100
16+272,288
278+451,729
246+127,373
79+96,175
6+791,797
233+641,874
961+800,1761
408+682,1090
319+605,924
302+534,836
763+349,1112
398+112,510
850+986,1836
875+311,1186
708+564,1272
297+34,331
723+788,1511
727+839,1566
471+118,589
421+548,969
612+424,1036
846+699,1545
511+665,1176
869+434,1303
472+41,513
343+258,601
823+869,1692
124+166,290
262+826,1088
264+656,920
799+267,1066
917+974,1891
755+519,1274
795+159,954
893+181,1074
168+327,495
460+133,593
356+753,1109
638+988,1626
357+85,442
878+860,1738
90+592,682
723+232,955
273+710,983
141+839,980
316+47,363
255+770,1025
775+989,1764
680+684,1364
615+478,1093
877+639,1516
234+552,786
182+633,815
771+179,950
862+331,1193
578+341,919
496+242,738
707+708,1415
647+143,790
203+297,500
556+793,1349
453+240,693
51+964,1015
458+710,1168
245+869,1114
461+745,1206
816+14,830
792+937,1729
720+618,1338
151+103,254
683+237,920
478+41,519
170+228,398
196+546,742
987+523,1510
917+691,1608
304+111,415
936+657,1593
264+184,448
731+29,760
878+915,1793
506+255,761
573+569,1142
540+69,609
452+64,516
779+927,1706
313+483,796
116+721,837
289+621,910
480+553,1033
894+636,1530
200+828,1028
705+380,1085
482+884,1366
708+220,928
68+909,977
93+732,825
315+47,362
162+224,386
742+541,1283
934+447,1381
269+959,1228
440+757,1197
377+434,811
948+903,1851
399+232,631
847+434,1281
586+417,1003
686+814,1500
476+42,518
663+483,1146
183+186,369
685+308,993
994+677,1671
126+985,1111
702+736,1438
892+320,1212
350+372,722
984+134,1118
566+449,1015
231+483,714
4+750,754
983+787,1770
389+923,1312
11+752,763
93+672,765
121+668,789
221+581,802
475+82,557
761+605,1366
167+548,715
508+804,1312
184+565,749
1+604,605
754+276,1030
927+915,1842
771+407,1178
223+266,489
123+681,804
686+820,1506
824+642,1466
987+547,1534
25+606,631
814+966,1780
959+206,1165
969+243,1212
97+800,897
928+873,1801
335+282,617
306+769,1075
139+982,1121
815+54,869
691+874,1565
544+379,923
183+440,623
228+611,839
595+6,601
967+233,1200
617+498,1115
718+720,1438
870+990,1860
916+614,1530
161+653,814
422+753,1175
597+606,1203
991+483,1474
933+331,1264
617+844,1461
300+456,756
740+412,1152
642+781,1423
294+899,1193
85+624,709
532+431,963
448+215,663
718+270,988
476+705,1181
903+793,1696
913+324,1237
599+986,1585
252+272,524
160+468,628
906+771,1677
266+387,653
285+798,1083
200+85,285
347+634,981
453+52,505
731+522,1253
942+566,1508
660+946,1606
129+11,140
986+856,1842
952+63,1015
180+116,296
149+43,192
344+114,458
817+697,1514
414+475,889
228+127,355
580+461,1041
893+112,1005
20+248,268
448+534,982
587+964,1551
584+540,1124
243+463,706
3+463,466
184+664,848
71+85,156
398+903,1301
159+151,310
908+276,1184
622+971,1593
200+854,1054
236+118,354
513+940,1453
127+72,199
220+14,234
835+121,956
226+792,1018
595+661,1256
732+8,740
220+149,369
108+640,748
478+738,1216
731+6,737
746+621,1367
373+554,927
781+480,1261
12+921,933
899+857,1756
599+864,1463
696+294,990
666+163,829
720+818,1538
487+912,1399
426+847,1273
785+507,1292
404+382,786
642+468,1110
542+803,1345
95+698,793
670+734,1404
627+117,744
885+905,1790
703+712,1415
633+147,780
530+504,1034
729+186,915
561+993,1554
564+206,770
202+759,961
179+883,1062
505+490,995
908+581,1489
191+364,555
315+709,1024
870+465,1335
33+382,415
458+889,1347
857+756,1613
821+11,832
369+927,1296
989+662,1651
208+296,504
688+48,736
406+317,723
493+401,894
975+178,1153
788+893,1681
479+258,737
533+589,1122
395+858,1253
851+445,1296
347+412,759
583+48,631
12+95,107
85+154,239
43+47,90
911+971,1882
894+199,1093
678+704,1382
118+723,841
476+19,495
466+443,909
813+154,967
849+240,1089
993+501,1494
53+800,853
295+331,626
254+806,1060
6+8,14
762+879,1641
476+765,1241
557+350,907
686+927,1613
952+280,1232
246+971,1217
316+228,544
280+930,1210
814+423,1237
996+285,1281
649+832,1481
257+504,761
79+880,959
987+582,1569
156+148,304
169+750,919
377+649,1026
991+930,1921
930+859,1789
349+247,596
828+77,905
552+856,1408
979+163,1142
714+121,835
849+959,1808
544+518,1062
653+151,804
479+68,547
606+571,1177
541+663,1204
877+831,1708
947+409,1356
740+927,1667
8+124,132
15+771,786
117+331,448
490+692,1182
690+477,1167
233+357,590
614+982,1596
245+991,1236
448+617,1065
582+939,1521
482+487,969
195+231,426
562+713,1275
269+832,1101
954+638,1592
490+781,1271
387+389,776
659+771,1430
766+77,843
111+120,231
127+591,718
236+53,289
540+677,1217
920+626,1546
772+177,949
192+248,440
666+879,1545
604+382,986
605+97,702
957+621,1578
482+175,657
126+130,256
968+783,1751
630+106,736
452+105,557
953+776,1729
168+926,1094
183+130,313
987+634,1621
910+361,1271
817+753,1570
575+931,1506
458+842,1300
792+881,1673
652+644,1296
430+658,1088
101+148,249
897+651,1548
74+298,372
252+773,1025
622+731,1353
949+719,1668
457+570,1027
624+127,751
728+638,1366
301+938,1239
687+564,1251
836+457,1293
327+194,521
549+362,911
457+384,841
515+102,617
243+891,1134
890+167,1057
41+89,130
189+260,449
142+407,549
407+458,865
679+712,1391
690+91,781
615+221,836
336+81,417
914+646,1560
727+202,929
987+387,1374
409+282,691
48+847,895
468+144,612
504+495,999
134+992,1126
591+548,1139
723+984,1707
302+157,459
428+185,613
274+279,553
525+581,1106
704+240,944
447+172,619
327+835,1162
2+610,612
92+828,920
772+101,873
85+976,1061
192+575,767
596+306,902
628+955,1583
507+316,823
840+332,1172
867+282,1149
129+174,303
641+169,810
634+29,663
578+600,1178
280+642,922
459+920,1379
374+171,545
215+830,1045
748+82,830
876+759,1635
591+893,1484
619+323,942
39+102,141
59+514,573
77+333,410
278+364,642
257+409,666
776+312,1088
701+807,1508
209+787,996
285+923,1208
428+233,661
552+401,953
616+933,1549
481+808,1289
915+323,1238
155+908,1063
619+695,1314
985+332,1317
464+300,764
972+605,1577
33+354,387
87+648,735
299+837,1136
333+688,1021
687+508,1195
740+742,1482
647+429,1076
517+400,917
602+354,956
366+465,831
337+506,843
360+717,1077
706+107,813
360+452,812
369+474,843
835+927,1762
748+609,1357
274+215,489
472+905,1377
875+617,1492
389+468,857
129+170,299
312+464,776
397+256,653
282+898,1180
475+718,1193
34+361,395
28+569,597
373+316,689
191+927,1118
217+397,614
1+422,423
628+901,1529
660+99,759
455+980,1435
215+639,854
295+640,935
831+808,1639
455+231,686
278+170,448
222+981,1203
332+205,537
2+535,537
483+943,1426
877+23,900
501+445,946
132+110,242
91+471,562
307+241,548
116+923,1039
727+769,1496
84+782,866
621+872,1493
254+149,403
310+593,903
484+621,1105
116+416,532
975+154,1129
722+711,1433
634+578,1212
717+764,1481
204+440,644
524+927,1451
351+161,512
180+431,611
510+724,1234
415+163,578
984+309,1293
21+921,942
79+569,648
341+701,1042
973+586,1559
464+80,544
512+167,679
513+258,771
200+865,1065
932+696,1628
27+820,847
809+364,1173
923+679,1602
866+194,1060
978+246,1224
729+236,965
402+821,1223
121+622,743
34+543,577
770+136,906
336+848,1184
607+100,707
359+685,1044
224+948,1172
406+713,1119
402+170,572
338+236,574
242+58,300
416+689,1105
966+258,1224
415+207,622
841+680,1521
651+805,1456
54+271,325
15+969,984
358+18,376
484+679,1163
359+206,565
828+111,939
593+314,907
881+702,1583
577+368,945
814+712,1526
851+132,983
555+293,848
446+243,689
844+367,1211
204+172,376
514+156,670
944+333,1277
3+382,385
817+212,1029
692+74,766
146+297,443
920+631,1551
657+209,866
451+114,565
731+849,1580
656+849,1505
362+500,862
356+877,1233
425+866,1291
967+498,1465
262+77,339
537+681,1218
976+161,1137
475+49,524
140+452,592
606+575,1181
787+271,1058
639+834,1473
538+636,1174
984+706,1690
524+826,1350
498+729,1227
413+763,1176
369+171,540
254+832,1086
799+854,1653
80+179,259
757+337,1094
662+519,1181
137+809,946
437+583,1020
545+464,1009
736+20,756
519+386,905
332+27,359
881+96,977
11+821,832
516+946,1462
694+180,874
242+543,785
837+194,1031
63+940,1003
367+899,1266
736+250,986
270+590,860
22+288,310
882+601,1483
9+501,510
458+727,1185
239+318,557
814+355,1169
965+681,1646
201+553,754
668+314,982
519+254,773
814+591,1405
17+404,421
922+233,1155
912+449,1361
628+193,821
739+831,1570
965+8,973
240+572,812
915+762,1677
316+531,847
286+702,988
26+210,236
982+219,1201
266+490,756
642+17,659
322+620,942
930+201,1131
666+152,818
37+459,496
256+736,992
532+933,1465
868+875,1743
387+433,820
341+725,1066
272+4,276
338+57,395
14+412,426
733+249,982
361+922,1283
396+125,521
467+550,1017
352+35,387
904+268,1172
975+499,1474
997+633,1630
254+377,631
195+187,382
321+33,354
250+261,511
279+154,433
143+383,526
548+736,1284
370+13,383
873+666,1539
158+688,846
939+5,944
31+455,486
283+243,526
968+855,1823
188+934,1122
955+223,1178
172+24,196
878+970,1848
936+228,1164
962+335,1297
652+99,751
161+809,970
360+494,854
168+691,859
219+738,957
446+963,1409
697+867,1564
862+735,1597
99+873,972
756+548,1304
98+352,450
89+461,550
192+183,375
917+854,1771
384+418,802
184+303,487
717+292,1009
165+894,1059
515+586,1101
457+836,1293
370+18,388
747+54,801
540+364,904
876+174,1050
917+523,1440
313+975,1288
757+261,1018
75+360,435
753+947,1700
877+226,1103
493+825,1318
544+338,882
586+814,1400
196+88,284
839+207,1046
513+365,878
381+568,949
835+582,1417
939+270,1209
10+742,752
728+644,1372
689+228,917
490+919,1409
373+480,853
853+633,1486
388+236,624
923+265,1188
48+739,787
957+125,1082
612+899,1511
741+221,962
574+750,1324
166+745,911
640+778,1418
796+975,1771
249+228,477
288+31,319
504+887,1391
636+957,1593
254+756,1010
924+623,1547
970+120,1090
656+811,1467
962+645,1607
397+827,1224
175+329,504
195+828,1023
387+941,1328
835+146,981
185+354,539
234+931,1165
932+22,954
108+476,584
141+89,230
603+335,938
299+172,471
250+244,494
46+250,296
574+502,1076
771+886,1657
527+453,980
919+798,1717
902+450,1352
964+483,1447
859+112,971
281+653,934
989+819,1808
930+985,1915
884+604,1488
305+89,394
583+215,798
747+48,795
979+873,1852
752+869,1621
634+625,1259
71+956,1027
206+723,929
101+412,513
327+689,1016
166+146,312
537+947,1484
635+639,1274
198+595,793
921+504,1425
57+120,177
862+138,1000
485+327,812
903+745,1648
915+62,977
502+545,1047
103+737,840
705+225,930
226+335,561
477+188,665
837+805,1642
518+539,1057
748+747,1495
399+964,1363
177+676,853
335+149,484
609+399,1008
637+666,1303
688+593,1281
346+947,1293
728+598,1326
559+684,1243
511+730,1241
746+162,908
24+665,689
184+11,195
566+794,1360
292+431,723
698+635,1333
925+446,1371
931+745,1676
486+274,760
538+684,1222
259+977,1236
796+156,952
930+8,938
380+800,1180
419+964,1383
342+931,1273
27+671,698
708+973,1681
81+365,446
549+352,901
239+673,912
108+902,1010
209+786,995
548+80,628
374+395,769
55+24,79
423+909,1332
565+418,983
921+236,1157
320+135,455
42+636,678
475+551,1026
983+825,1808
640+805,1445
172+836,1008
0+770,770
318+0,318
305+15,320
927+303,1230
699+49,748
750+346,1096
97+712,809
358+292,650
60+55,115
367+983,1350
909+640,1549
315+223,538
213+925,1138
411+92,503
742+147,889
220+902,1122
195+241,436
453+151,604
769+711,1480
682+239,921
1+331,332
929+825,1754
809+111,920
950+619,1569
875+186,1061
963+661,1624
887+518,1405
595+633,1228
656+761,1417
208+272,480
266+484,750
119+566,685
677+902,1579
942+477,1419
890+891,1781
799+112,911
115+954,1069
292+237,529
563+253,816
655+116,771
961+501,1462
98+915,1013
661+770,1431
543+590,1133
548+966,1514
932+90,1022
981+433,1414
123+48,171
942+812,1754
61+445,506
885+12,897
17+551,568
938+498,1436
64+553,617
718+390,1108
951+788,1739
583+691,1274
634+762,1396
896+32,928
750+890,1640
345+721,1066
64+555,619
581+822,1403
376+294,670
563+841,1404
634+393,1027
432+621,1053
501+426,927
262+106,368
406+368,774
448+980,1428
324+578,902
118+671,789
211+423,634
465+844,1309
729+593,1322
48+163,211
550+412,962
248+29,277
357+330,687
187+673,860
860+823,1683
834+468,1302
151+942,1093
720+266,986
918+883,1801
941+789,1730
963+26,989
866+778,1644
474+471,945
857+123,980
78+237,315
672+390,1062
920+314,1234
216+590,806
10+911,921
885+243,1128
633+979,1612
340+302,642
763+695,1458
857+641,1498
709+652,1361
644+667,1311
806+566,1372
761+457,1218
352+481,833
18+500,518
564+600,1164
0+11,11
77+958,1035
494+738,1232
59+245,304
369+364,733
794+698,1492
819+257,1076
594+779,1373
543+869,1412
875+77,952
880+938,1818
472+784,1256
296+439,735
72+100,172
691+902,1593
248+127,375
804+845,1649
793+797,1590
568+454,1022
62+587,649
995+605,1600
215+412,627
571+109,680
16+319,335
217+822,1039
87+109,196
896+375,1271
328+899,1227
59+211,270
562+273,835
771+742,1513
819+545,1364
354+50,404
717+94,811
273+857,1130
227+37,264
349+945,1294
749+995,1744
455+413,868
159+225,384
305+782,1087
359+604,963
345+158,503
36+911,947
480+584,1064
882+227,1109
335+817,1152
427+427,854
330+996,1326
469+828,1297
272+621,893
333+92,425
66+777,843
78+366,444
788+437,1225
287+680,967
332+988,1320
935+255,1190
704+756,1460
868+332,1200
813+532,1345
816+680,1496
911+705,1616
165+485,650
332+814,1146
904+871,1775
144+414,558
854+976,1830
427+403,830
464+442,906
696+898,1594
568+128,696
621+173,794
943+803,1746
791+965,1756
825+141,966
489+94,583
425+734,1159
618+716,1334
602+308,910
107+230,337
948+990,1938
767+91,858
928+169,1097
620+499,1119
2+342,344
973+110,1083
666+489,1155
963+460,1423
874+902,1776
307+485,792
429+63,492
701+789,1490
335+521,856
981+603,1584
911+485,1396
717+422,1139
579+762,1341
167+68,235
252+648,900
949+424,1373
58+661,719
92+90,182
782+897,1679
606+697,1303
816+386,1202
924+612,1536
551+891,1442
200+891,1091
140+918,1058
870+427,1297
670+80,750
952+254,1206
22+707,729
367+701,1068
80+35,115
31+423,454
363+650,1013
366+978,1344
363+960,1323
633+786,1419
689+874,1563
163+757,920
381+190,571
858+862,1720
521+94,615
291+111,402
887+562,1449
250+650,900
158+584,742
767+431,1198
8+253,261
568+157,725
643+858,1501
544+419,963
124+845,969
278+798,1076
90+243,333
176+615,791
488+433,921
407+122,529
830+87,917
766+319,1085
566+570,1136
33+375,408
180+626,806
261+382,643
724+138,862
969+931,1900
108+834,942
348+278,626
325+478,803
64+31,95
349+597,946
122+871,993
569+577,1146
837+221,1058
398+601,999
851+584,1435
410+602,1012
938+182,1120
470+829,1299
32+498,530
153+772,925
900+370,1270
722+462,1184
637+994,1631
862+162,1024
383+600,983
223+154,377
820+725,1545
929+88,1017
681+566,1247
853+362,1215
887+531,1418
186+931,1117
474+888,1362
900+541,1441
919+157,1076
607+891,1498
242+258,500
627+540,1167
459+638,1097
722+956,1678
669+639,1308
50+196,246
263+296,559
528+278,806
821+509,1330
318+508,826
75+988,1063
848+495,1343
168+238,406
358+360,718
168+708,876
616+558,1174
162+905,1067
410+779,1189
966+599,1565
624+919,1543
670+9,679
645+358,1003
806+800,1606
89+167,256
831+463,1294
92+748,840
729+282,1011
778+5,783
474+533,1007
462+530,992
343+712,1055
609+516,1125
929+641,1570
205+333,538
97+52,149
975+464,1439
405+807,1212
289+180,469
558+839,1397
545+782,1327
531+88,619
140+877,1017
571+412,983
350+366,716
742+903,1645
398+162,560
70+678,748
599+208,807
746+182,928
724+222,946
227+13,240
831+471,1302
981+994,1975
945+729,1674
763+936,1699
162+3,165
504+271,775
926+521,1447
204+593,797
268+876,1144
939+938,1877
904+269,1173
746+265,1011
329+633,962
71+482,553
231+607,838
241+393,634
976+454,1430
256+126,382
638+830,1468
871+41,912
183+540,723
769+412,1181
859+414,1273
47+672,719
745+955,1700
416+807,1223
74+197,271
245+87,332
872+399,1271
540+841,1381
682+18,700
250+817,1067
980+1000,1980
525+160,685
642+586,1228
58+740,798
498+712,1210
88+40,128
353+145,498
738+845,1583
646+502,1148
499+670,1169
355+790,1145
634+137,771
992+356,1348
765+276,1041
128+678,806
617+358,975
889+569,1458
276+481,757
748+542,1290
274+594,868
383+651,1034
471+671,1142
35+970,1005
852+525,1377
927+205,1132
360+563,923
69+661,730
619+117,736
919+765,1684
701+492,1193
880+589,1469
645+534,1179
626+613,1239
780+369,1149
461+40,501
617+509,1126
649+872,1521
39+585,624
154+182,336
580+430,1010
18+383,401
742+783,1525
622+137,759
191+719,910
257+370,627
837+39,876
127+39,166
295+58,353
155+911,1066
100+170,270
391+187,578
876+425,1301
571+423,994
485+41,526
915+985,1900
349+221,570
293+759,1052
139+507,646
919+781,1700
711+701,1412
175+156,331
600+924,1524
818+296,1114
132+182,314
504+964,1468
164+717,881
232+735,967
547+165,712
814+30,844
218+168,386
361+814,1175
393+538,931
33+505,538
228+107,335
448+196,644
662+181,843
207+514,721
677+737,1414
679+445,1124
102+239,341
393+249,642
58+156,214
734+560,1294
358+448,806
123+392,515
121+466,587
890+59,949
576+999,1575
483+575,1058
702+846,1548
138+958,1096
677+257,934
337+385,722
880+997,1877
735+8,743
921+582,1503
166+535,701
752+189,941
680+699,1379
864+538,1402
288+455,743
966+950,1916
651+749,1400
387+848,1235
703+437,1140
683+306,989
546+779,1325
773+864,1637
536+771,1307
338+648,986
983+585,1568
416+895,1311
675+525,1200
833+853,1686
814+1000,1814
505+768,1273
993+534,1527
230+100,330
464+886,1350
917+725,1642
618+930,1548
20+149,169
295+34,329
836+633,1469
938+837,1775
756+598,1354
670+95,765
332+123,455
12+421,433
81+738,819
5+427,432
938+696,1634
379+450,829
124+456,580
518+715,1233
603+379,982
132+606,738
150+524,674
207+22,229
566+460,1026
148+98,246
578+66,644
99+328,427
622+862,1484
55+890,945
635+965,1600
936+120,1056
31+424,455
702+143,845
5+231,236
859+742,1601
632+779,1411
808+856,1664
602+494,1096
164+751,915
829+728,1557
650+342,992
561+528,1089
743+636,1379
516+403,919
527+442,969
57+867,924
984+261,1245
3+812,815
596+980,1576
469+723,1192
713+730,1443
50+930,980
748+376,1124
14+191,205
407+795,1202
164+927,1091
314+325,639
379+342,721
259+400,659
613+308,921
266+343,609
126+738,864
463+713,1176
693+458,1151
966+612,1578
580+115,695
934+565,1499
357+381,738
384+585,969
736+468,1204
587+506,1093
327+895,1222
156+563,719
209+523,732
190+814,1004
168+451,619
447+857,1304
759+362,1121
51+467,518
14+802,816
263+590,853
747+961,1708
197+308,505
401+412,813
87+159,246
276+63,339
169+538,707
29+956,985
448+326,774
756+64,820
719+273,992
691+518,1209
309+268,577
89+649,738
689+795,1484
878+987,1865
756+808,1564
736+267,1003
449+722,1171
731+251,982
349+269,618
732+851,1583
206+171,377
270+462,732
42+52,94
629+325,954
613+18,631
523+20,543
440+148,588
834+559,1393
498+825,1323
312+965,1277
299+727,1026
754+908,1662
839+749,1588
218+71,289
158+896,1054
280+940,1220
816+807,1623
607+168,775
993+131,1124
389+642,1031
714+404,1118
888+251,1139
207+953,1160
984+781,1765
125+770,895
813+217,1030
768+362,1130
524+52,576
924+79,1003
59+858,917
944+259,1203
315+515,830
758+486,1244
395+445,840
352+114,466
853+321,1174
124+855,979
928+859,1787
740+453,1193
974+83,1057
821+887,1708
148+177,325
245+18,263
202+559,761
857+4,861
169+377,546
17+933,950
123+11,134
156+456,612
974+563,1537
950+350,1300
694+439,1133
382+332,714
937+863,1800
560+855,1415
887+648,1535
413+399,812
771+960,1731
664+842,1506
293+591,884
893+84,977
177+49,226
479+244,723
397+165,562
425+21,446
339+574,913
569+596,1165
957+635,1592
901+858,1759
834+161,995
671+221,892
996+140,1136
407+535,942
992+249,1241
938+725,1663
830+831,1661
431+448,879
701+161,862
692+82,774
0+228,228
537+803,1340
4+644,648
738+465,1203
429+510,939
633+100,733
41+631,672
755+64,819
505+239,744
139+422,561
425+286,711
807+13,820
730+67,797
81+580,661
259+885,1144
833+745,1578
663+240,903
150+102,252
203+855,1058
422+136,558
898+523,1421
56+228,284
604+112,716
455+596,1051
456+142,598
869+623,1492
378+247,625
572+844,1416
148+409,557
126+123,249
191+764,955
947+326,1273
433+185,618
420+959,1379
967+605,1572
826+490,1316
666+298,964
680+861,1541
605+888,1493
920+993,1913
700+165,865
481+721,1202
868+448,1316
481+223,704
670+84,754
953+495,1448
894+257,1151
913+559,1472
910+162,1072
636+8,644
171+936,1107
792+536,1328
4+959,963
532+172,704
998+405,1403
252+406,658
323+110,433
99+466,565
236+796,1032
43+35,78
710+128,838
540+354,894
674+245,919
79+1000,1079
341+948,1289
235+548,783
752+261,1013
340+447,787
148+903,1051
199+484,683
256+322,578
0+13,13
431+781,1212
452+441,893
806+508,1314
606+995,1601
691+210,901
626+147,773
56+62,118
33+616,649
731+146,877
380+129,509
548+951,1499
35+607,642
34+161,195
235+469,704
94+54,148
756+346,1102
521+502,1023
320+962,1282
401+632,1033
758+670,1428
617+149,766
286+434,720
202+67,269
733+892,1625
475+373,848
133+723,856
231+883,1114
651+334,985
174+623,797
452+882,1334
137+472,609
967+978,1945
646+472,1118
675+966,1641
887+497,1384
764+573,1337
19+847,866
328+557,885
511+889,1400
325+182,507
582+453,1035
107+655,762
875+378,1253
710+169,879
800+378,1178
660+462,1122
620+8,628
590+368,958
459+570,1029
56+38,94
268+519,787
461+150,611
149+877,1026
33+149,182
468+798,1266
716+686,1402
262+328,590
96+899,995
977+880,1857
804+564,1368
343+188,531
353+979,1332
729+147,876
85+393,478
818+158,976
701+15,716
971+602,1573
191+942,1133
260+820,1080
498+244,742
862+276,1138
464+459,923
599+948,1547
924+909,1833
448+479,927
923+998,1921
290+705,995
732+749,1481
170+801,971
624+874,1498
963+346,1309
930+673,1603
725+318,1043
818+172,990
518+8,526
906+38,944
474+363,837
37+69,106
260+510,770
128+350,478
279+493,772
810+107,917
328+831,1159
299+993,1292
980+585,1565
16+172,188
406+654,1060
16+357,373
436+449,885
629+748,1377
479+231,710
511+624,1135
535+250,785
549+19,568
374+171,545
488+876,1364
338+240,578
24+374,398
726+925,1651
700+555,1255
367+740,1107
206+209,415
300+55,355
714+985,1699
777+47,824
317+523,840
36+255,291
263+198,461
68+870,938
726+437,1163
970+590,1560
201+154,355
765+420,1185
221+325,546
854+907,1761
370+804,1174
349+700,1049
555+92,647
132+274,406
127+766,893
800+728,1528
486+506,992
69+104,173
139+870,1009
862+604,1466
194+181,375
285+66,351
851+127,978
137+119,256
92+24,116
706+198,904
205+865,1070
365+52,417
334+24,358
819+729,1548
160+713,873
262+616,878
687+9,696
933+463,1396
549+664,1213
250+868,1118
802+946,1748
447+859,1306
882+639,1521
483+55,538
258+110,368
677+846,1523
15+679,694
919+811,1730
364+373,737
173+258,431
890+937,1827
181+903,1084
83+610,693
548+982,1530
190+747,937
855+74,929
456+744,1200
606+544,1150
673+222,895
4+448,452
899+569,1468
677+321,998
740+185,925
626+470,1096
378+484,862
207+628,835
386+1,387
904+158,1062
781+596,1377
966+784,1750
858+615,1473
300+728,1028
488+614,1102
452+575,1027
76+816,892
324+149,473
885+277,1162
867+271,1138
992+819,1811
689+941,1630
142+510,652
385+651,1036
853+867,1720
861+35,896
627+922,1549
559+233,792
42+930,972
440+799,1239
282+931,1213
23+396,419
3+853,856
989+945,1934
270+198,468
670+650,1320
340+911,1251
426+965,1391
593+684,1277
985+347,1332
610+434,1044
42+113,155
408+400,808
381+383,764
442+485,927
137+946,1083
909+657,1566
723+105,828
947+281,1228
760+880,1640
941+319,1260
897+127,1024
672+125,797
300+148,448
253+599,852
986+452,1438
848+527,1375
99+823,922
15+963,978
803+835,1638
146+758,904
622+553,1175
364+441,805
950+728,1678
312+638,950
16+870,886
844+228,1072
99+269,368
421+951,1372
2+340,342
446+866,1312
350+775,1125
604+424,1028
570+965,1535
262+765,1027
744+917,1661
740+364,1104
514+940,1454
985+904,1889
716+536,1252
770+292,1062
767+762,1529
950+949,1899
437+273,710
464+452,916
608+940,1548
659+938,1597
573+579,1152
802+799,1601
713+294,1007
382+10,392
414+5,419
524+527,1051
969+930,1899
71+997,1068
293+670,963
207+523,730
379+107,486
627+757,1384
682+89,771
511+40,551
52+981,1033
32+987,1019
123+19,142
320+595,915
713+429,1142
595+189,784
114+480,594
567+785,1352
967+225,1192
785+964,1749
71+223,294
837+159,996
653+419,1072
927+992,1919
519+956,1475
113+833,946
724+166,890
617+407,1024
469+18,487
374+257,631
802+442,1244
863+787,1650
68+617,685
950+65,1015
481+193,674
991+805,1796
729+200,929
768+57,825
106+255,361
620+189,809
181+941,1122
820+923,1743
966+355,1321
985+860,1845
204+273,477
573+181,754
251+808,1059
359+235,594
514+46,560
643+418,1061
367+435,802
77+74,151
605+655,1260
824+363,1187
772+742,1514
481+745,1226
323+657,980
955+342,1297
369+46,415
551+932,1483
699+857,1556
516+949,1465
523+951,1474
359+254,613
357+262,619
957+326,1283
264+152,416
595+878,1473
318+56,374
93+729,822
351+750,1101
521+160,681
866+750,1616
746+884,1630
399+895,1294
103+290,393
657+46,703
383+285,668
794+491,1285
135+205,340
366+199,565
782+81,863
204+967,1171
98+280,378
679+957,1636
663+320,983
789+100,889
242+204,446
172+717,889
812+349,1161
519+707,1226
331+238,569
77+479,556
923+636,1559
186+510,696
662+401,1063
588+594,1182
104+735,839
257+105,362
506+400,906
588+474,1062
112+304,416
774+342,1116
281+279,560
418+705,1123
545+736,1281
685+673,1358
576+650,1226
526+998,1524
559+76,635
621+474,1095
693+959,1652
351+224,575
843+164,1007
298+550,848
704+243,947
161+635,796
169+64,233
349+247,596
254+165,419
164+245,409
244+493,737
184+521,705
630+869,1499
749+512,1261
871+841,1712
712+723,1435
412+256,668
103+459,562
18+780,798
140+905,1045
394+545,939
543+666,1209
661+448,1109
728+650,1378
930+633,1563
90+841,931
968+661,1629
794+820,1614
224+821,1045
663+188,851
337+210,547
549+164,713
842+980,1822
221+85,306
802+734,1536
960+125,1085
416+997,1413
274+343,617
982+701,1683
425+736,1161
156+942,1098
863+74,937
455+364,819
981+901,1882
281+344,625
212+252,464
942+158,1100
404+309,713
649+625,1274
408+602,1010
148+958,1106
874+530,1404
920+333,1253
546+907,1453
741+289,1030
623+311,934
472+616,1088
50+414,464
534+97,631
7+58,65
721+278,999
415+172,587
286+459,745
569+269,838
475+252,727
59+745,804
929+430,1359
516+982,1498
642+680,1322
579+765,1344
808+737,1545
405+908,1313
190+755,945
427+234,661
804+911,1715
602+108,710
707+421,1128
250+558,808
415+940,1355
752+284,1036
944+7,951
212+580,792
909+965,1874
779+918,1697
453+390,843
734+158,892
135+587,722
358+276,634
31+843,874
753+835,1588
263+904,1167
305+374,679
429+912,1341
680+692,1372
905+830,1735
30+536,566
448+830,1278
719+349,1068
129+353,482
793+19,812
846+620,1466
337+180,517
339+60,399
235+752,987
802+508,1310
314+706,1020
465+872,1337
250+531,781
110+311,421
14+398,412
762+777,1539
517+831,1348
53+888,941
58+668,726
282+645,927
152+49,201
62+81,143
845+725,1570
42+171,213
958+559,1517
154+647,801
320+691,1011
408+574,982
793+769,1562
698+360,1058
78+982,1060
617+719,1336
106+447,553
799+352,1151
330+731,1061
168+862,1030
899+723,1622
12+125,137
434+489,923
709+272,981
228+907,1135
183+399,582
216+200,416
726+184,910
701+701,1402
27+116,143
489+825,1314
562+515,1077
420+907,1327
595+594,1189
935+998,1933
320+571,891
389+703,1092
360+353,713
199+713,912
592+224,816
645+604,1249
587+767,1354
594+785,1379
422+170,592
464+65,529
945+729,1674
945+216,1161
242+648,890
49+678,727
727+746,1473
499+756,1255
964+49,1013
920+520,1440
782+925,1707
398+724,1122
719+879,1598
614+967,1581
121+402,523
739+346,1085
442+312,754
347+202,549
461+905,1366
502+240,742
590+110,700
283+645,928
69+480,549
262+397,659
663+906,1569
948+638,1586
645+457,1102
205+401,606
523+745,1268
633+63,696
144+138,282
228+825,1053
801+665,1466
822+731,1553
614+841,1455
704+634,1338
372+140,512
753+758,1511
266+167,433
553+984,1537
665+779,1444
997+650,1647
18+312,330
46+481,527
438+742,1180
571+195,766
75+632,707
162+777,939
7+249,256
819+60,879
715+280,995
352+591,943
879+505,1384
137+619,756
489+680,1169
275+241,516
657+120,777
932+527,1459
457+358,815
893+595,1488
942+545,1487
146+741,887
411+604,1015
518+519,1037
526+110,636
376+741,1117
14+36,50
519+832,1351
864+752,1616
666+719,1385
271+970,1241
868+164,1032
969+172,1141
844+132,976
600+50,650
377+594,971
361+688,1049
934+553,1487
827+583,1410
747+695,1442
41+706,747
535+10,545
235+113,348
671+797,1468
499+493,992
473+296,769
604+69,673
130+328,458
91+12,103
177+635,812
641+562,1203
574+291,865
296+919,1215
396+949,1345
874+688,1562
837+960,1797
180+357,537
742+106,848
60+865,925
399+405,804
483+977,1460
991+778,1769
5+275,280
517+228,745
292+856,1148
85+966,1051
866+634,1500
583+647,1230
727+342,1069
353+356,709
230+814,1044
785+391,1176
233+112,345
500+885,1385
363+628,991
223+154,377
357+198,555
647+452,1099
72+82,154
486+384,870
739+773,1512
240+366,606
938+684,1622
984+528,1512
794+349,1143
71+670,741
834+584,1418
940+389,1329
667+247,914
304+742,1046
225+154,379
416+806,1222
204+636,840
671+978,1649
292+789,1081
788+363,1151
89+129,218
183+21,204
995+34,1029
99+484,583
979+135,1114
330+972,1302
28+687,715
353+1,354
11+813,824
734+475,1209
497+4,501
39+744,783
821+503,1324
238+829,1067
179+799,978
959+634,1593
559+66,625
924+671,1595
990+144,1134
78+824,902
811+122,933
96+632,728
589+716,1305
137+292,429
349+672,1021
586+172,758
546+73,619
258+705,963
495+991,1486
709+756,1465
677+244,921
963+499,1462
361+380,741
277+23,300
625+404,1029
797+696,1493
484+287,771
433+985,1418
102+990,1092
767+557,1324
629+156,785
356+955,1311
65+760,825
973+63,1036
218+584,802
618+758,1376
109+991,1100
280+791,1071
139+338,477
94+473,567
124+167,291
123+251,374
94+139,233
724+380,1104
204+446,650
19+538,557
285+292,577
275+203,478
377+330,707
415+964,1379
647+254,901
633+645,1278
282+209,491
114+655,769
15+460,475
95+216,311
244+987,1231
811+128,939
668+2,670
945+550,1495
412+49,461
610+251,861
899+961,1860
163+677,840
820+759,1579
694+14,708
288+324,612
690+272,962
562+648,1210
762+790,1552
437+623,1060
23+580,603
706+485,1191
636+197,833
980+213,1193
410+280,690
627+150,777
823+713,1536
844+521,1365
374+543,917
865+75,940
488+185,673
849+429,1278
692+555,1247
626+830,1456
360+284,644
137+369,506
115+707,822
591+432,1023
542+441,983
5+579,584
334+470,804
960+132,1092
907+498,1405
245+359,604
688+460,1148
497+44,541
7+495,502
868+884,1752
223+833,1056
362+91,453
192+366,558
639+297,936
211+32,243
748+700,1448
896+818,1714
393+541,934
389+276,665
871+679,1550
234+947,1181
281+855,1136
638+577,1215
626+513,1139
298+822,1120
244+359,603
49+527,576
515+876,1391
212+434,646
963+368,1331
904+10,914
990+632,1622
491+389,880
119+890,1009
502+581,1083
345+88,433
161+303,464
452+859,1311
479+929,1408
254+506,760
801+4,805
247+839,1086
444+958,1402
520+974,1494
548+125,673
692+973,1665
391+935,1326
368+960,1328
66+55,121
259+757,1016
327+505,832
29+319,348
785+256,1041
594+870,1464
569+116,685
417+555,972
314+432,746
700+745,1445
456+230,686
861+494,1355
39+328,367
97+611,708
598+780,1378
116+338,454
204+129,333
271+790,1061
796+275,1071
448+680,1128
400+309,709
894+882,1776
0+660,660
105+179,284
628+853,1481
957+847,1804
668+668,1336
982+775,1757
403+803,1206
43+233,276
838+298,1136
917+186,1103
55+580,635
613+104,717
198+925,1123
915+211,1126
589+817,1406
971+482,1453
261+486,747
428+813,1241
156+659,815
176+733,909
530+880,1410
126+247,373
564+550,1114
550+243,793
68+708,776
435+315,750
880+626,1506
840+405,1245
992+795,1787
15+498,513
49+585,634
161+389,550
664+86,750
812+821,1633
251+87,338
430+314,744
377+118,495
310+997,1307
286+561,847
620+972,1592
956+751,1707
418+373,791
100+115,215
852+290,1142
852+469,1321
269+74,343
587+888,1475
487+150,637
553+918,1471
421+464,885
836+155,991
372+318,690
149+862,1011
857+814,1671
257+360,617
495+208,703
653+293,946
456+333,789
788+47,835
618+92,710
725+970,1695
169+674,843
273+371,644
633+537,1170
479+389,868
490+894,1384
409+556,965
962+347,1309
100+701,801
245+585,830
956+34,990
670+186,856
49+529,578
23+252,275
715+53,768
829+642,1471
282+82,364
914+15,929
784+934,1718
2+658,660
667+548,1215
913+647,1560
605+890,1495
602+821,1423
156+100,256
573+349,922
342+628,970
980+338,1318
419+138,557
153+554,707
531+692,1223
661+587,1248
751+866,1617
825+648,1473
660+547,1207
277+505,782
360+696,1056
789+435,1224
615+154,769
776+138,914
476+356,832
800+868,1668
683+485,1168
682+784,1466
713+805,1518
889+335,1224
915+490,1405
147+435,582
122+470,592
253+936,1189
329+373,702
934+859,1793
502+573,1075
347+158,505
62+784,846
347+486,833
420+873,1293
210+177,387
480+877,1357
555+716,1271
103+637,740
788+590,1378
395+211,606
557+26,583
666+712,1378
170+353,523
459+364,823
919+194,1113
970+759,1729
345+386,731
571+752,1323
548+339,887
924+289,1213
10+927,937
643+639,1282
660+985,1645
152+91,243
801+959,1760
759+908,1667
266+52,318
442+508,950
974+721,1695
598+800,1398
750+194,944
166+51,217
946+159,1105
127+902,1029
218+732,950
396+6,402
360+39,399
345+432,777
984+419,1403
147+27,174
848+939,1787
35+779,814
147+932,1079
44+711,755
13+27,40
769+133,902
277+365,642
273+792,1065
604+214,818
963+822,1785
830+390,1220
136+109,245
866+379,1245
358+77,435
397+934,1331
581+790,1371
430+293,723
177+482,659
885+128,1013
385+155,540
303+944,1247
282+307,589
132+40,172
233+990,1223
577+938,1515
776+336,1112
903+375,1278
898+766,1664
48+674,722
19+706,725
268+426,694
599+911,1510
674+200,874
936+829,1765
92+680,772
764+879,1643
967+993,1960
956+467,1423
36+308,344
364+917,1281
917+277,1194
846+202,1048
536+748,1284
464+352,816
782+20,802
903+157,1060
668+365,1033
515+591,1106
863+774,1637
918+397,1315
310+133,443
15+26,41
337+440,777
350+585,935
652+868,1520
709+211,920
26+831,857
284+271,555
207+467,674
692+49,741
948+663,1611
77+295,372
511+690,1201
743+47,790
70+332,402
358+247,605
821+217,1038
244+182,426
125+81,206
226+917,1143
355+68,423
656+439,1095
70+226,296
878+58,936
574+191,765
986+325,1311
528+838,1366
639+850,1489
438+843,1281
582+322,904
256+726,982
961+952,1913
535+978,1513
159+640,799
320+916,1236
993+525,1518
971+595,1566
725+533,1258
723+183,906
759+655,1414
748+441,1189
580+556,1136
346+175,521
329+580,909
859+394,1253
134+762,896
878+37,915
482+128,610
129+25,154
1000+924,1924
90+76,166
899+555,1454
974+192,1166
866+92,958
825+745,1570
897+437,1334
790+134,924
274+525,799
604+322,926
715+576,1291
789+391,1180
43+612,655
994+777,1771
49+292,341
524+678,1202
947+133,1080
128+75,203
536+624,1160
462+969,1431
124+753,877
961+702,1663
581+430,1011
395+455,850
187+105,292
847+732,1579
819+805,1624
485+933,1418
183+382,565
230+56,286
425+288,713
934+730,1664
449+739,1188
730+74,804
534+665,1199
969+909,1878
841+933,1774
374+637,1011
587+562,1149
196+937,1133
682+41,723
905+241,1146
931+887,1818
434+762,1196
857+760,1617
387+774,1161
915+531,1446
915+24,939
195+865,1060
827+17,844
322+256,578
176+703,879
318+454,772
344+876,1220
163+505,668
881+589,1470
785+818,1603
104+20,124
602+11,613
557+693,1250
226+47,273
398+277,675
550+460,1010
748+139,887
596+67,663
781+778,1559
148+784,932
290+513,803
271+277,548
796+153,949
875+218,1093
615+611,1226
515+994,1509
387+766,1153
461+191,652
290+728,1018
402+715,1117
12+24,36
324+332,656
849+209,1058
404+102,506
829+846,1675
510+134,644
460+638,1098
25+521,546
703+567,1270
632+279,911
145+977,1122
914+560,1474
124+889,1013
172+900,1072
624+270,894
353+979,1332
66+655,721
237+588,825
659+84,743
821+758,1579
209+640,849
16+220,236
918+526,1444
781+826,1607
908+280,1188
62+75,137
394+545,939
56+316,372
541+972,1513
165+150,315
55+390,445
926+306,1232
367+560,927
978+181,1159
528+631,1159
685+219,904
471+714,1185
358+616,974
63+186,249
454+785,1239
833+491,1324
841+586,1427
391+544,935
125+127,252
677+528,1205
164+437,601
26+518,544
355+962,1317
318+197,515
276+249,525
774+731,1505
766+754,1520
85+15,100
875+997,1872
631+206,837
394+629,1023
48+175,223
646+515,1161